date,customer,region,complaint_type,issue,severity,supplier,status,days_open,warranty_cost
2026-09-01,Customer A,Europe,Noise,High cabin noise,High,Supplier X,Open,12,2400
2026-09-02,Customer B,North America,Water ingress,Seal leakage,High,Supplier Y,In Progress,9,3100
2026-09-03,Customer C,Asia,Charging,Charging failure,Critical,Supplier Z,Open,15,4200
2026-09-04,Customer D,Europe,Display,Display flicker,Medium,Supplier X,Closed,4,1200
2026-09-05,Customer E,North America,Software,Over-the-air update failure,High,Supplier A,Open,11,2000
2026-09-06,Customer F,Europe,Brake,Brake warning false alarm,Critical,Supplier B,In Progress,7,5000
2026-09-07,Customer G,Asia,Powertrain,Voltage drop,High,Supplier C,Open,18,3900
2026-09-08,Customer H,Europe,Safety,Seat sensor issue,High,Supplier D,Open,13,2600
2026-09-09,Customer I,North America,Comfort,Air flow imbalance,Low,Supplier E,Closed,2,900
2026-09-10,Customer J,Asia,Charging,Slow charging,Medium,Supplier Z,In Progress,6,1500
2026-09-11,Customer K,Europe,Connectivity,Bluetooth pairing issue,Medium,Supplier F,Open,8,1300
2026-09-12,Customer L,North America,Water ingress,Moisture inside module,High,Supplier Y,Open,14,2800
2026-09-13,Customer M,Europe,Display,Touch screen calibration,Low,Supplier G,Closed,3,700
2026-09-14,Customer N,Asia,Software,Reset loop,Critical,Supplier A,Open,21,6100
2026-09-15,Customer O,Europe,Noise,Wind noise,Medium,Supplier X,In Progress,5,1100
2026-09-16,Customer P,North America,Safety,Seatbelt warning error,Critical,Supplier H,Open,17,4700
2026-09-17,Customer Q,Asia,Charging,Connector wear,Medium,Supplier Z,Closed,4,1000
2026-09-18,Customer R,Europe,Comfort,HVAC control issue,Low,Supplier K,Open,6,800
2026-09-19,Customer S,North America,Software,App sync issue,Medium,Supplier A,In Progress,10,1800
2026-09-20,Customer T,Europe,Powertrain,Motor vibration,High,Supplier C,Open,16,3300
